Workbook

Sheet Instrucciones
A1: Plantilla de casos de prueba - ISW-622 - Proyecto Demo Web Shop
A3: Grupo: ______ Integrantes: ______________________
A5: 1. Complete la hoja 'Casos de prueba' (minimo 30 casos).
A6: 2. Cada caso: ID (CP-001...), requerimiento (RF-01...RF-11), titulo, tipo, prioridad, precondiciones, datos, pasos, resultado esperado y si es automatizable.
A7: 3. Cubra obligatoriamente RF-01, RF-02, RF-03, RF-05 y RF-09 y al menos dos requerimientos mas.
A8: 4. Al menos 30% de los casos deben ser Negativo o Limite.
A9: 5. Revise la hoja 'Trazabilidad': muestra cuantos casos hay por requerimiento (se calcula sola).
A10: 6. Las filas de ejemplo (CP-001, CP-002) puede borrarlas o reemplazarlas; verifique el comportamiento real del sitio antes de definir el resultado esperado.
A11: 7. El ID del caso debe aparecer en el @DisplayName de la prueba automatizada.

Sheet Casos de prueba
A1: ID | B1: Requerimiento | C1: Titulo | D1: Tipo | E1: Prioridad | F1: Precondiciones | G1: Datos de prueba | H1: Pasos | I1: Resultado esperado | J1: Automatizable | K1: Estado
A2: CP-001 | B2: RF-01 | C2: Registro exitoso con datos validos | D2: Positivo | E2: Alta | F2: Visitante sin sesion iniciada en https://demowebshop.tricentis.com | G2: Genero: Female Nombre: Prueba Apellido: Uno Correo: p1_<hora_ms>@test.com Clave: Test123 Confirmacion: Test123 | H2: 1. Abrir la pagina de inicio 2. Clic en Register 3. Seleccionar el genero 4. Ingresar nombre, apellido y correo 5. Ingresar clave y confirmacion 6. Clic en Register | I2: Se muestra el mensaje 'Your registration completed' y el encabezado muestra el correo del usuario y la opcion Log out | J2: Si | K2: Pendiente
A3: CP-002 | B3: RF-01 | C3: Registro con campos obligatorios vacios | D3: Negativo | E3: Alta | F3: Visitante sin sesion iniciada | G3: Todos los campos vacios | H3: 1. Abrir la pagina de inicio 2. Clic en Register 3. Dejar todos los campos vacios 4. Clic en Register | I3: No se crea la cuenta y se muestran los mensajes: 'First name is required.', 'Last name is required.', 'Email is required.' y 'Password is required.' (en Password y Confirm password) | J3: Si | K3: Pendiente
A4: CP-003 | B4: RF-01 | C4: Registro con correo de formato invalido | D4: Negativo | E4: Media | F4: Visitante sin sesion iniciada | G4: Nombre: Prueba Apellido: Uno Correo: abc@test (tambien abc, abc@, @test.com) Clave: Test123 Confirmacion: Test123 | H4: 1. Abrir la pagina Register 2. Ingresar nombre y apellido 3. Ingresar el correo invalido 4. Ingresar clave y confirmacion 5. Clic en Register | I4: No se crea la cuenta y junto al campo Email se muestra 'Wrong email' | J4: No | K4: Pendiente
A5: CP-004 | B5: RF-01 | C5: Registro con correo ya registrado | D5: Negativo | E5: Alta | F5: Usuario registrado previamente con correo unico (p1_<hora_ms>@test.com) y clave Test123; sesion cerrada | G5: Nombre: Prueba Apellido: Dos Correo: el mismo del usuario ya registrado Clave: Test123 Confirmacion: Test123 | H5: 1. Abrir la pagina Register 2. Ingresar nombre y apellido 3. Ingresar el correo ya registrado 4. Ingresar clave y confirmacion 5. Clic en Register | I5: No se crea la cuenta y se muestra el mensaje 'The specified email already exists' | J5: No | K5: Pendiente
A6: CP-005 | B6: RF-01 | C6: Clave con un caracter menos del minimo (5) | D6: Limite | E6: Media | F6: Visitante sin sesion iniciada | G6: Nombre: Prueba Apellido: Uno Correo: p1_<hora_ms>@test.com Clave: Test1 (5 caracteres) Confirmacion: Test1 | H6: 1. Abrir la pagina Register 2. Ingresar nombre, apellido y correo 3. Ingresar clave y confirmacion de 5 caracteres 4. Clic en Register | I6: No se crea la cuenta y junto al campo Password se muestra 'The password should have at least 6 characters.' | J6: No | K6: Pendiente
A7: CP-006 | B7: RF-01 | C7: Clave y confirmacion no coinciden | D7: Negativo | E7: Media | F7: Visitante sin sesion iniciada | G7: Nombre: Prueba Apellido: Uno Correo: p1_<hora_ms>@test.com Clave: Test123 Confirmacion: Test456 | H7: 1. Abrir la pagina Register 2. Ingresar nombre, apellido y correo 3. Ingresar clave Test123 4. Ingresar confirmacion Test456 5. Clic en Register | I7: No se crea la cuenta y junto a Confirm password se muestra 'The password and confirmation password do not match.' | J7: No | K7: Pendiente
A8: CP-007 | B8: RF-02 | C8: Inicio de sesion valido y cierre de sesion | D8: Positivo | E8: Alta | F8: Usuario registrado previamente con correo unico (p1_<hora_ms>@test.com) y clave Test123; sesion cerrada | G8: Correo y clave del usuario registrado | H8: 1. Abrir la pagina de inicio 2. Clic en Log in 3. Ingresar correo y clave 4. Clic en Log in 5. Verificar el encabezado 6. Clic en Log out | I8: Tras iniciar sesion el encabezado muestra el correo del usuario y Log out. Tras cerrar sesion vuelven a mostrarse Register y Log in | J8: Si | K8: Pendiente
A9: CP-008 | B9: RF-02 | C9: Inicio de sesion con clave incorrecta | D9: Negativo | E9: Alta | F9: Usuario registrado previamente con correo unico (p1_<hora_ms>@test.com) y clave Test123; sesion cerrada | G9: Correo del usuario registrado Clave: Incorrecta1 | H9: 1. Abrir la pagina Log in 2. Ingresar el correo registrado 3. Ingresar una clave incorrecta 4. Clic en Log in | I9: No se inicia sesion y se muestra 'Login was unsuccessful. Please correct the errors and try again.' con el detalle 'The credentials provided are incorrect'; el encabezado sigue mostrando Register y Log in | J9: Si | K9: Pendiente

Sheet Trazabilidad
A1: Requerimiento | B1: Descripcion | C1: Casos escritos | D1: Automatizables | E1: Obligatorio
A2: RF-01 | B2: Registro de usuario | C2: =COUNTIF('Casos de prueba'!$B$2:$B$101,A2) | D2: =COUNTIFS('Casos de prueba'!$B$2:$B$101,A2,'Casos de prueba'!$J$2:$J$101,"Si") | E2: Si
A3: RF-02 | B3: Inicio y cierre de sesion | C3: =COUNTIF('Casos de prueba'!$B$2:$B$101,A3) | D3: =COUNTIFS('Casos de prueba'!$B$2:$B$101,A3,'Casos de prueba'!$J$2:$J$101,"Si") | E3: Si
A4: RF-03 | B4: Busqueda de productos | C4: =COUNTIF('Casos de prueba'!$B$2:$B$101,A4) | D4: =COUNTIFS('Casos de prueba'!$B$2:$B$101,A4,'Casos de prueba'!$J$2:$J$101,"Si") | E4: Si
A5: RF-04 | B5: Catalogo | C5: =COUNTIF('Casos de prueba'!$B$2:$B$101,A5) | D5: =COUNTIFS('Casos de prueba'!$B$2:$B$101,A5,'Casos de prueba'!$J$2:$J$101,"Si") | E5: No
A6: RF-05 | B6: Carrito de compras | C6: =COUNTIF('Casos de prueba'!$B$2:$B$101,A6) | D6: =COUNTIFS('Casos de prueba'!$B$2:$B$101,A6,'Casos de prueba'!$J$2:$J$101,"Si") | E6: Si
A7: RF-06 | B7: Productos con opciones | C7: =COUNTIF('Casos de prueba'!$B$2:$B$101,A7) | D7: =COUNTIFS('Casos de prueba'!$B$2:$B$101,A7,'Casos de prueba'!$J$2:$J$101,"Si") | E7: No
A8: RF-07 | B8: Lista de deseos | C8: =COUNTIF('Casos de prueba'!$B$2:$B$101,A8) | D8: =COUNTIFS('Casos de prueba'!$B$2:$B$101,A8,'Casos de prueba'!$J$2:$J$101,"Si") | E8: No
A9: RF-08 | B9: Comparacion de productos | C9: =COUNTIF('Casos de prueba'!$B$2:$B$101,A9) | D9: =COUNTIFS('Casos de prueba'!$B$2:$B$101,A9,'Casos de prueba'!$J$2:$J$101,"Si") | E9: No
A10: RF-09 | B10: Proceso de compra | C10: =COUNTIF('Casos de prueba'!$B$2:$B$101,A10) | D10: =COUNTIFS('Casos de prueba'!$B$2:$B$101,A10,'Casos de prueba'!$J$2:$J$101,"Si") | E10: Si
A11: RF-10 | B11: Cuenta del usuario | C11: =COUNTIF('Casos de prueba'!$B$2:$B$101,A11) | D11: =COUNTIFS('Casos de prueba'!$B$2:$B$101,A11,'Casos de prueba'!$J$2:$J$101,"Si") | E11: No
A12: RF-11 | B12: Boletin y encuesta | C12: =COUNTIF('Casos de prueba'!$B$2:$B$101,A12) | D12: =COUNTIFS('Casos de prueba'!$B$2:$B$101,A12,'Casos de prueba'!$J$2:$J$101,"Si") | E12: No
B14: Total de casos | C14: =SUM(C2:C12) | D14: =SUM(D2:D12)
B15: Negativos o limite | C15: =COUNTIF('Casos de prueba'!$D$2:$D$101,"Negativo")+COUNTIF('Casos de prueba'!$D$2:$D$101,"Limite")
B16: % negativos o limite (min 30%) | C16: =IF(C14=0,0,C15/C14)
